--
-- Script was generated by Devart dbForge Studio 2020 for MySQL, Version 9.0.338.0
-- Product home page: http://www.devart.com/dbforge/mysql/studio
-- Script date 09-Jul-22 8:11:12 PM
-- Server version: 8.0.29
-- Client version: 4.1
--

-- 
-- Disable foreign keys
-- 
/*!40014 SET @OLD_FOREIGN_KEY_CHECKS=@@FOREIGN_KEY_CHECKS, FOREIGN_KEY_CHECKS=0 */;

-- 
-- Set SQL mode
-- 
/*!40101 SET @OLD_SQL_MODE=@@SQL_MODE, SQL_MODE='NO_AUTO_VALUE_ON_ZERO' */;

-- 
-- Set character set the client will use to send SQL statements to the server
--
SET NAMES 'utf8';

--
-- Set default database
--
USE test_webdev;

--
-- Drop procedure `Proc_GetUUIDV4`
--
DROP PROCEDURE IF EXISTS Proc_GetUUIDV4;

--
-- Drop procedure `Proc_Employee_GetByEmployeeID`
--
DROP PROCEDURE IF EXISTS Proc_Employee_GetByEmployeeID;

--
-- Drop procedure `Proc_Employee_GetMaxCode`
--
DROP PROCEDURE IF EXISTS Proc_Employee_GetMaxCode;

--
-- Drop procedure `Proc_Employee_GetPaging`
--
DROP PROCEDURE IF EXISTS Proc_Employee_GetPaging;

--
-- Drop function `Func_Get_Auto_EmployeeCode`
--
DROP FUNCTION IF EXISTS Func_Get_Auto_EmployeeCode;

--
-- Drop table `employee`
--
DROP TABLE IF EXISTS employee;

--
-- Drop table `department`
--
DROP TABLE IF EXISTS department;

--
-- Drop table `positions`
--
DROP TABLE IF EXISTS positions;

--
-- Set default database
--
USE test_webdev;

--
-- Create table `positions`
--
CREATE TABLE positions (
  PositionID char(36) NOT NULL COMMENT 'ID vị trí',
  PositionCode varchar(20) NOT NULL COMMENT 'Mã vị trí',
  PositionName varchar(255) NOT NULL COMMENT 'Tên vị trí',
  CreatedDate datetime DEFAULT NULL COMMENT 'Ngày tạo',
  CreatedBy varchar(255) DEFAULT NULL COMMENT 'Người tạo',
  ModifiedDate datetime DEFAULT NULL COMMENT 'Ngày sửa gần nhất',
  ModifiedBy varchar(255) DEFAULT NULL COMMENT 'Người sửa gần nhất',
  PRIMARY KEY (PositionID)
)
ENGINE = INNODB,
AVG_ROW_LENGTH = 2048,
CHARACTER SET utf8mb4,
COLLATE utf8mb4_0900_ai_ci,
COMMENT = 'Bảng lưu trữ thông tin Vị trí công việc';

--
-- Create index `UK_position_PositionID` on table `positions`
--
ALTER TABLE positions
ADD UNIQUE INDEX UK_position_PositionID (PositionID);

--
-- Create table `department`
--
CREATE TABLE department (
  DepartmentID char(36) NOT NULL COMMENT 'ID Phòng ban',
  DepartmentCode varchar(20) NOT NULL COMMENT 'Mã phòng ban',
  DepartmentName varchar(255) NOT NULL COMMENT 'Tên phòng ban',
  CreatedDate datetime DEFAULT NULL COMMENT 'Ngày tạo',
  CreatedBy varchar(255) DEFAULT NULL COMMENT 'Người tạo',
  ModifiedDate datetime DEFAULT NULL COMMENT 'Ngày sửa gần nhất',
  ModifiedBy varchar(255) DEFAULT NULL COMMENT 'Người sửa gần nhất',
  PRIMARY KEY (DepartmentID)
)
ENGINE = INNODB,
AVG_ROW_LENGTH = 1638,
CHARACTER SET utf8mb4,
COLLATE utf8mb4_0900_ai_ci,
COMMENT = 'Bảng lưu thông tin phòng ban';

--
-- Create index `DeparmentID` on table `department`
--
ALTER TABLE department
ADD UNIQUE INDEX DeparmentID (DepartmentID);

--
-- Create table `employee`
--
CREATE TABLE employee (
  EmployeeID char(36) NOT NULL COMMENT 'ID nhân viên (dạng guid)',
  EmployeeCode varchar(20) NOT NULL COMMENT 'Mã nhân viên (theo convention là varchar(20))',
  EmployeeName varchar(100) NOT NULL COMMENT 'Tên nhân viên',
  DateOfBirth date DEFAULT NULL COMMENT 'Ngày sinh',
  Gender smallint DEFAULT NULL COMMENT 'Giới tính (0: Nữ, 1: Nam, 2: Khác)',
  IdentityNumber varchar(25) NOT NULL COMMENT 'Số CMND',
  IdentityIssuedPlace varchar(255) DEFAULT NULL COMMENT 'Nơi cấp CMND',
  IdentityIssuedDate date DEFAULT NULL COMMENT 'Ngày cấp CMND',
  Email varchar(100) NOT NULL COMMENT 'Email',
  PhoneNumber varchar(50) DEFAULT NULL COMMENT 'Số điện thoại',
  PositionID char(36) DEFAULT NULL COMMENT 'ID vị trí (khóa ngoại đến bảng Position)',
  DepartmentID char(36) DEFAULT NULL COMMENT 'ID phòng ban (khóa ngoại đến bảng department)',
  TaxCode varchar(20) DEFAULT NULL COMMENT 'Mã số thuế cá nhân',
  Salary decimal(18, 4) DEFAULT NULL COMMENT 'Lương',
  JoiningDate date DEFAULT NULL COMMENT 'Ngày gia nhập',
  WorkStatus smallint DEFAULT NULL COMMENT 'Tình trạng làm việc (0: Chưa làm việc, 1: Đang làm việc, 2: Ngừng làm việc, 3: Đã nghỉ việc)',
  CreatedDate datetime DEFAULT NULL COMMENT 'Thời gian tạo',
  CreatedBy varchar(255) DEFAULT NULL COMMENT 'Người tạo',
  ModifiedDate datetime DEFAULT NULL COMMENT 'Ngày sửa gần nhất',
  ModifiedBy varchar(255) DEFAULT NULL COMMENT 'Người sửa gần nhất',
  PRIMARY KEY (EmployeeID)
)
ENGINE = INNODB,
AVG_ROW_LENGTH = 16384,
CHARACTER SET utf8mb4,
COLLATE utf8mb4_0900_ai_ci,
COMMENT = 'Danh mục nhân viên';

--
-- Create index `UK_employee_EmployeeCode` on table `employee`
--
ALTER TABLE employee
ADD UNIQUE INDEX UK_employee_EmployeeCode (EmployeeCode);

DELIMITER $$

--
-- Create function `Func_Get_Auto_EmployeeCode`
--
CREATE DEFINER = 'root'@'localhost'
FUNCTION Func_Get_Auto_EmployeeCode ()
RETURNS varchar(20) CHARSET utf8mb4
DETERMINISTIC
READS SQL DATA
COMMENT 'Function lấy mã nhân viên tự tăng theo quy tắc Mã mới = Mã mới nhất hiện tại + 1'
BEGIN
  -- Thực hiện lấy code đơn giản theo cách tách phần số đằng sau mã ra và cộng thêm 1

  -- Lấy ra code mới nhất trong db hiện tại
  SET @latestCode = (SELECT
      EmployeeCode
    FROM employee
    ORDER BY EmployeeCode DESC LIMIT 1);
  -- Tách phần số ra
  SET @latestCodeID = (SELECT
      SUBSTRING(@latestCode, 3));
  -- Ghép vào string NV để lấy ra mã mới hoàn chỉnh
  SET @newCode = (SELECT
      CONCAT('NV', @latestCodeID + 1));
  RETURN @newCode;
END
$$

--
-- Create procedure `Proc_Employee_GetPaging`
--
CREATE DEFINER = 'root'@'localhost'
PROCEDURE Proc_Employee_GetPaging (IN $Skip int(11), IN $Take int(11), IN $Sort varchar(100), IN $Where varchar(1000))
COMMENT 'Lấy danh sách nhân viên hiển thị ra list - Created By: NBDuong 06.07.2022'
BEGIN
  -- Tạo ra bảng tạm `tmp_employee` lưu thông tin nhân viên
  -- Nên sử dụng bảng tạm vì bảng này sẽ không chỉ chứa dữ liệu lấy ra đơn thuần mà còn phục vụ mục đích lọc, sắp xếp, query theo điều kiện,...
  -- Ngoài ra phải lấy dữ liệu theo phân trang và tổng số bản ghi nên việc sử dụng bảng tạm giúp việc truy vấn trở nên dễ dàng hơn
  CREATE TEMPORARY TABLE IF NOT EXISTS `tmp_employee` (
    EmployeeID char(36),
    EmployeeCode varchar(20),
    EmployeeName varchar(100),
    DateOfBirth date,
    Gender smallint(5),
    IdentityNumber varchar(25),
    IdentityIssuedPlace varchar(255),
    IdentityIssuedDate date,
    Email varchar(100),
    PhoneNumber varchar(50),
    PositionID char(36),
    PositionName varchar(36),
    DepartmentID char(36),
    DepartmentName varchar(36),
    TaxCode varchar(20),
    Salary decimal(18, 4),
    JoiningDate date,
    WorkStatus smallint(5)
  );

  -- Insert dữ liệu tương ứng vào bảng tạm temp_employee
  -- Lưu ý khi lấy dữ liệu trên list thì phòng ban và vị trí chỉ lấy thông tin tên phòng ban, tên vị trí nên phải join sang bảng `positions` và `department` để lấy thông tin
  INSERT INTO `tmp_employee`
    SELECT
      e.EmployeeID,
      e.EmployeeCode,
      e.EmployeeName,
      e.DateOfBirth,
      e.Gender,
      e.IdentityNumber,
      e.IdentityIssuedPlace,
      e.IdentityIssuedDate,
      e.Email,
      e.PhoneNumber,
      p.PositionID,
      p.PositionName,
      d.DepartmentID,
      d.DepartmentName,
      e.TaxCode,
      e.Salary,
      e.JoiningDate,
      e.WorkStatus
    FROM `employee` e
      INNER JOIN `department` d
        ON e.DepartmentID = d.DepartmentID
      INNER JOIN `positions` p
        ON e.PositionID = p.PositionID;

  #Phân trang
  -- Nếu như không có điều kiện query truyền vào thì gán 1=1 (điều kiện này luôn đúng - đây là 1 cách để set điều kiện query mặc định)
  IF IFNULL($Where, '') = '' THEN
    SET $Where = '1=1';
  END IF;

  IF IFNULL($Sort, '') = '' THEN
    SET $Sort = 'EmployeeCode DESC'; -- Hiện tại đang để default sắp xếp theo mã nhân viên giảm dần (có thể edit để thay đổi sắp xếp theo yêu cầu đề bài)
  END IF;
  IF $Take = -1 THEN
    SET @filterQuery = CONCAT('SELECT * FROM `tmp_employee` WHERE ', $Where, ' ORDER BY ', $Sort); -- Mặc định truyền -1 => Nếu truyền -1 sẽ lấy toàn bộ bản ghi
  ELSE
    SET @filterQuery = CONCAT('SELECT * FROM `tmp_employee` WHERE ', $Where, ' ORDER BY ', $Sort, ' LIMIT ', $Skip, ',', $Take); -- Nếu lấy dữ liệu trên 1 page có truyền skip, take vào thì sẽ lấy số lượng bản ghi tương ứng trên page
  END IF;

  -- Có thể để ý thấy trên yêu cầu đề bài sẽ không chỉ lấy ra thông tin nhân viên trên page mà còn lấy ra tổng số bản ghi trên toàn bộ các page
  -- Vậy nên có thể hiểu là dữ liệu mong muốn trả về trong store này là 2 dữ liệu: Thông tin nhân viên + Tổng số bản ghi
  -- => Sử dụng phương pháp execute query để trả về 2 thông tin trong cùng 1 store
  PREPARE stmt1 FROM @filterQuery;
  EXECUTE stmt1;
  DEALLOCATE PREPARE stmt1;

  SET @filterQuery = CONCAT('SELECT count(EmployeeID) AS TotalCount FROM `tmp_employee` WHERE ', $Where);
  PREPARE stmt1 FROM @filterQuery;
  EXECUTE stmt1;
  DEALLOCATE PREPARE stmt1;

  -- Drop temp table đi sau khi dùng xong để giải phóng dữ liệu
  DROP TEMPORARY TABLE `tmp_employee`;
END
$$

--
-- Create procedure `Proc_Employee_GetMaxCode`
--
CREATE PROCEDURE Proc_Employee_GetMaxCode ()
SQL SECURITY INVOKER
BEGIN
  -- =============================================
  -- Author:        TMSANG
  -- Created date:  09/07/2022
  -- Description:   Lấy mã nhân viên lớn nhất
  -- Modified by:   
  -- Code chạy thử: CALL test_webdev.Proc_Employee_GetMaxCode();
  -- =============================================
  SELECT
    MAX(DISTINCT (EmployeeCode))
  FROM employee;
END
$$

--
-- Create procedure `Proc_Employee_GetByEmployeeID`
--
CREATE DEFINER = 'root'@'localhost'
PROCEDURE Proc_Employee_GetByEmployeeID (IN $EmployeeID char(36))
COMMENT 'Lấy dữ liệu 1 bản ghi nhân viên - Created By: NBDuong 06.07.2022'
BEGIN
  -- Lấy dữ liệu theo $EmployeeID truyền vào
  SELECT
    e.EmployeeID,
    e.EmployeeCode,
    e.EmployeeName,
    e.DateOfBirth,
    e.Gender,
    e.IdentityNumber,
    e.IdentityIssuedPlace,
    e.IdentityIssuedDate,
    e.Email,
    e.PhoneNumber,
    e.PositionID,
    e.DepartmentID,
    e.TaxCode,
    e.Salary,
    e.JoiningDate,
    e.WorkStatus,
    p.PositionName AS PositionName,
    d.DepartmentName AS DepartmentName
  FROM employee e
    INNER JOIN department d
      ON e.DepartmentID = d.DepartmentID
    INNER JOIN positions p
      ON e.PositionID = p.PositionID
  WHERE e.EmployeeID = $EmployeeID
  ;
END
$$

--
-- Create procedure `Proc_GetUUIDV4`
--
CREATE DEFINER = 'root'@'localhost'
PROCEDURE Proc_GetUUIDV4 ()
BEGIN
  -- Khai báo các biến
  -- v_max: số lượng muốn loop
  -- v_counter: biến chạy
  -- new_guid: GUID mới được generate ra
  DECLARE v_max int UNSIGNED DEFAULT 1000;
  DECLARE v_counter int UNSIGNED DEFAULT 0;
  DECLARE new_guid varchar(36);

  CREATE TEMPORARY TABLE IF NOT EXISTS temp_uuid (
    ID varchar(36)
  );
  WHILE v_counter < v_max DO
    SET new_guid = (SELECT
        MID(UUID(), 1, 36));
    INSERT INTO temp_uuid (ID)
      VALUES (new_guid);
    SET v_counter = v_counter + 1;
  END WHILE;

  SELECT
    *
  FROM temp_uuid;

  DROP TEMPORARY TABLE IF EXISTS temp_uuid;
END
$$

DELIMITER ;

-- 
-- Dumping data for table positions
--
INSERT INTO positions VALUES
('64755294-fcd3-11ec-a04d-00505690aa8b', 'POS16149', 'Trưởng phòng', '1985-08-10 20:20:18', 'Waltraud Lerma', '1970-01-01 00:09:27', 'Herschel Samples'),
('6476f635-fcd3-11ec-a04d-00505690aa8b', 'POS95957', 'Phó chủ tịch HĐQT', '1999-09-25 15:27:04', 'Aileen Pitts', '1999-03-07 17:08:05', 'Courtney Abernathy'),
('6476f7c0-fcd3-11ec-a04d-00505690aa8b', 'POS75406', 'Tổng giám đốc', '2001-04-01 03:16:48', 'Adolfo Parks', '1994-09-29 12:08:21', 'Kareem Yazzie'),
('6477e143-fcd3-11ec-a04d-00505690aa8b', 'POS98259', 'Giám đốc sản xuất', '1979-01-26 04:50:48', 'Clair Montes', '1970-01-01 00:15:15', 'Hayden Prichard'),
('6478051e-fcd3-11ec-a04d-00505690aa8b', 'POS28715', 'Nhân viên triển khai', '2004-04-11 15:43:37', 'Monroe Gatewood', '1998-01-03 09:48:33', 'Lonna Dion'),
('64784635-fcd3-11ec-a04d-00505690aa8b', 'POS11707', 'Giám đốc tuyển dụng', '1970-01-01 02:13:43', 'Norris Calderon', '2005-06-20 06:13:41', 'Elwood Ligon'),
('6478861f-fcd3-11ec-a04d-00505690aa8b', 'POS89124', 'Chủ tịch HĐQT', '2015-10-01 10:49:56', 'Trey Christopher', '2014-07-08 06:47:13', 'Natashia Blaylock'),
('6478e422-fcd3-11ec-a04d-00505690aa8b', 'POS74254', 'Nhân viên tư vấn', '2007-04-06 18:32:23', 'Alaine Hickey', '2010-01-06 13:20:47', 'Rose Aiello');

-- 
-- Dumping data for table employee
--
INSERT INTO employee VALUES
('6473469a-fcd3-11ec-a04d-00505690aa8b', 'NV31128', 'Abbie2021', '1954-06-15', 2, '000001800', 'Ho Chi Minh', '2002-06-15', 'Arthur@example.com', '(603) 260-6674', '64755294-fcd3-11ec-a04d-00505690aa8b', '6477ff11-fcd3-11ec-a04d-00505690aa8b', '004782118454', 53541335.6147, '1995-11-19', 2, '1970-01-01 00:14:57', 'Lavone Amos', '1970-01-01 02:37:34', 'Adam Thames'),
('64739af0-fcd3-11ec-a04d-00505690aa8b', 'NV16800', 'Abby754', '1982-02-22', 1, '000087060', 'Ha Nam', '2014-07-24', 'Kirk.HKoehler@nowhere.com', '(357) 166-5983', '6477e143-fcd3-11ec-a04d-00505690aa8b', '647521dc-fcd3-11ec-a04d-00505690aa8b', '006046324945', 23571950.4314, '1999-12-07', 3, '2003-12-26 11:28:40', 'Clemente Craddock', '1992-06-28 11:36:02', 'Gus Sawyer'),
('64740f59-fcd3-11ec-a04d-00505690aa8b', 'NV53407', 'Rocky1969', NULL, 1, '000045408', 'Bac Ninh', NULL, 'Barrett_Mcgowan@example.com', NULL, '6478051e-fcd3-11ec-a04d-00505690aa8b', '64799242-fcd3-11ec-a04d-00505690aa8b', '000221571059', NULL, '1987-02-10', 1, NULL, NULL, '1984-12-26 08:41:05', 'Joshua Villasenor'),
('6475f47d-fcd3-11ec-a04d-00505690aa8b', 'NV36729', 'Abbie1953', '1990-07-07', 2, '000088914', 'Hoa Binh', '2002-07-09', 'ElmerFoley@example.com', '(221) 768-2554', '64784635-fcd3-11ec-a04d-00505690aa8b', '6474fcc2-fcd3-11ec-a04d-00505690aa8b', '002548028117', 90174508.1394, '1985-12-19', 0, '2015-06-05 13:02:08', 'Marine Turley', '2003-01-24 11:31:12', 'Christian Abernathy'),
('64768ac7-fcd3-11ec-a04d-00505690aa8b', 'NV79250', 'Ron2016', '1957-01-12', 0, '000017561', 'Hanoi', '2010-01-02', 'Duval@example.com', '(362) 919-2462', '64755294-fcd3-11ec-a04d-00505690aa8b', '64799242-fcd3-11ec-a04d-00505690aa8b', '000644636629', 98008343.7769, '2016-04-26', 3, '1978-05-03 01:51:33', 'Adah Adair', '1983-07-19 04:44:21', 'Bennie Broussard'),
('6476a698-fcd3-11ec-a04d-00505690aa8b', 'NV09191', 'Drew9', '1986-08-14', 1, '000034246', 'Bac Giang', '2015-07-03', 'Schuler@example.com', '(873) 033-1497', '6478861f-fcd3-11ec-a04d-00505690aa8b', '647521dc-fcd3-11ec-a04d-00505690aa8b', '008815566304', 18642421.5346, '2019-12-26', 0, '2006-04-25 13:28:10', 'Jackeline Acker', '1993-01-26 21:20:14', 'Kennith Carswell'),
('6476d944-fcd3-11ec-a04d-00505690aa8b', 'NV71062', 'Washington5', '1964-02-27', 2, '000080128', 'Quang Ninh', '2012-12-05', 'Suggs@example.com', '(659) 344-2951', '6476f635-fcd3-11ec-a04d-00505690aa8b', '64790f56-fcd3-11ec-a04d-00505690aa8b', '008046890429', 39782564.4210, '1995-08-13', 2, '2006-07-17 03:35:47', 'Jeremy Aranda', '2001-11-12 22:03:35', 'Alysa Harrell'),
('6476e862-fcd3-11ec-a04d-00505690aa8b', 'NV64256', 'Nieto1959', '1967-03-18', 0, '000009328', 'Ha Nam', '2007-05-04', 'pqjndav80@example.com', '(691) 091-6995', '6477e143-fcd3-11ec-a04d-00505690aa8b', '6479ddde-fcd3-11ec-a04d-00505690aa8b', '008582712865', 81227259.2725, '1970-02-13', 2, '2004-09-02 16:38:01', 'Stevie Vallejo', '1970-01-01 00:00:44', 'Minh Withers'),
('6476eb78-fcd3-11ec-a04d-00505690aa8b', 'NV04756', 'Anglin1953', '1952-03-02', 0, '000033180', 'Hoa Binh', '2000-03-02', 'wawwcqng.wmbvidy@example.com', '(584) 346-1791', '6476f635-fcd3-11ec-a04d-00505690aa8b', '6479ddde-fcd3-11ec-a04d-00505690aa8b', '005474477783', 46722122.0800, '1984-06-27', 1, '1970-01-01 00:01:02', 'Raphael Beckman', '2011-05-09 18:15:52', 'Abby Marcum'),
('64771162-fcd3-11ec-a04d-00505690aa8b', 'NV89938', 'Adaline2010', NULL, 1, '000044829', 'Ho Chi Minh', NULL, 'rvxkhcgk5666@example.com', NULL, '6477e143-fcd3-11ec-a04d-00505690aa8b', '6479ddde-fcd3-11ec-a04d-00505690aa8b', '002360928628', NULL, '1993-03-03', 3, NULL, NULL, '1991-02-10 16:59:44', 'Federico Lujan'),
('64772d04-fcd3-11ec-a04d-00505690aa8b', 'NV55543', 'Packard2000', '1973-03-07', 0, '000097443', 'Quang Ninh', '2020-03-30', 'Acker@example.com', '(782) 164-8595', '6478861f-fcd3-11ec-a04d-00505690aa8b', '6477785e-fcd3-11ec-a04d-00505690aa8b', '007928831641', 96477178.4285, '1971-07-03', 2, '2015-05-24 17:38:14', 'Camie Burch', '1970-01-01 00:09:09', 'Olga Haag'),
('64772f4b-fcd3-11ec-a04d-00505690aa8b', 'NV60915', 'Alonso441', '1952-01-07', 2, '000056200', 'Hung Yen', '2000-01-07', 'Sima_Call6@example.com', '(131) 136-7890', '6478861f-fcd3-11ec-a04d-00505690aa8b', '6474fcc2-fcd3-11ec-a04d-00505690aa8b', '004067437313', 34459639.9562, '2008-07-14', 1, '1970-01-01 00:00:07', 'Carter Matlock', '1983-09-13 21:48:05', 'Cleotilde Gorman'),
('6477372c-fcd3-11ec-a04d-00505690aa8b', 'NV40431', 'Albert381', '1989-11-18', 2, '000087590', 'Bac Ninh', '2010-02-14', 'Abney@example.com', '(981) 682-5876', '64784635-fcd3-11ec-a04d-00505690aa8b', '6479ddde-fcd3-11ec-a04d-00505690aa8b', '009694136694', 18359197.5200, '2015-09-01', 2, '2001-09-05 16:27:49', 'Eugenia Johansen', '1995-01-20 16:40:06', 'Marylyn Medina'),
('64773e0d-fcd3-11ec-a04d-00505690aa8b', 'NV10635', 'Burrell393', '1991-03-18', 0, '000041777', 'Ho Chi Minh', '2004-02-04', 'Calkins615@example.com', '(657) 216-0159', '6478051e-fcd3-11ec-a04d-00505690aa8b', '6479ddde-fcd3-11ec-a04d-00505690aa8b', '007045502291', 21043197.0215, '1999-01-14', 0, '1994-04-12 23:48:58', 'Alejandro Norwood', '2016-02-10 05:34:36', 'Toney Paradis'),
('647742a2-fcd3-11ec-a04d-00505690aa8b', 'NV26010', 'Cher425', '1978-02-23', 2, '000011602', 'Bac Ninh', '2022-06-20', 'EleanoreYEscamilla158@example.com', '(340) 205-9308', '6476f635-fcd3-11ec-a04d-00505690aa8b', '6477ff11-fcd3-11ec-a04d-00505690aa8b', '004683240416', 5060925.3966, '2007-05-25', 3, '2003-01-07 04:40:36', 'Debbra Acuna', '2008-02-17 14:05:53', 'Rodger Crawford'),
('64774675-fcd3-11ec-a04d-00505690aa8b', 'NV73617', 'Mosby661', '1960-08-16', 1, '000098429', 'Lai Chau', '2010-06-16', 'Tackett@example.com', '(907) 223-8253', '64784635-fcd3-11ec-a04d-00505690aa8b', '64790f56-fcd3-11ec-a04d-00505690aa8b', '009425323252', 70710367.2276, '2020-07-05', 3, '1971-06-01 08:07:56', 'Nathanael Medina', '1974-04-29 01:08:15', 'Cody Feliciano'),
('6477570c-fcd3-11ec-a04d-00505690aa8b', 'NV04584', 'Drew35', '1952-01-07', 2, '000063780', 'Ha Nam', '2000-01-07', 'Dodge@example.com', '(164) 563-1078', '64755294-fcd3-11ec-a04d-00505690aa8b', '6477785e-fcd3-11ec-a04d-00505690aa8b', '000995433115', 92149050.0341, '1990-04-23', 3, '1970-01-01 00:00:07', 'Britt Malley', '1970-01-01 02:03:38', 'Emmett Musgrove'),
('64775d45-fcd3-11ec-a04d-00505690aa8b', 'NV97341', 'Williams7', '1965-11-20', 1, '000013473', 'Ho Chi Minh', '2000-06-06', 'Bachman@example.com', '(932) 094-5575', '6478861f-fcd3-11ec-a04d-00505690aa8b', '647521dc-fcd3-11ec-a04d-00505690aa8b', '002957443991', 7882509.0003, '2006-10-17', 0, '1970-01-26 14:03:57', 'Maurice Mireles', '1985-01-10 23:49:47', 'Freeda Brinkley'),
('64777611-fcd3-11ec-a04d-00505690aa8b', 'NV43237', 'Kim1953', '1965-01-14', 0, '000056268', 'Lang Son', '2013-01-14', 'ZapataF@example.com', '(286) 206-7080', '6478051e-fcd3-11ec-a04d-00505690aa8b', '6476f4b1-fcd3-11ec-a04d-00505690aa8b', '003408520312', 95096322.0082, '2016-01-28', 0, '1970-01-01 01:19:23', 'Twila Bock', '2021-03-27 18:31:07', 'Cary Benitez'),
('64778811-fcd3-11ec-a04d-00505690aa8b', 'NV72420', 'Stamm465', '1994-02-05', 0, '000003120', 'Hung Yen', '2019-05-01', 'Barr@nowhere.com', '(967) 582-3086', '6476f635-fcd3-11ec-a04d-00505690aa8b', '64790f56-fcd3-11ec-a04d-00505690aa8b', '003677548818', 48628532.7916, '1981-04-20', 3, '1976-11-30 05:06:20', 'Lavonia Whiteside', '1970-05-07 08:57:22', 'Erasmo Joe'),
('6477d998-fcd3-11ec-a04d-00505690aa8b', 'NV39603', 'Deborah2002', '1961-12-10', 0, '000058656', 'Ho Chi Minh', '2009-12-10', 'Almeida24@example.com', '(914) 555-5068', '6478861f-fcd3-11ec-a04d-00505690aa8b', '6479ddde-fcd3-11ec-a04d-00505690aa8b', '007336367754', 54803238.3519, '1971-05-27', 0, '1970-01-01 01:00:32', 'Kent Staton', '1970-01-01 00:08:32', 'Amiee Pond'),
('6477fd8b-fcd3-11ec-a04d-00505690aa8b', 'NV76602', 'Shon1986', '1984-06-13', 1, '000039661', 'Ninh Binh', '2010-01-09', 'JeraldAbraham529@example.com', '(192) 966-7218', '6478861f-fcd3-11ec-a04d-00505690aa8b', '6479ddde-fcd3-11ec-a04d-00505690aa8b', '004877545669', 11198144.6166, '2015-11-12', 2, '1975-10-09 14:16:04', 'Darrick Cardoza', '2009-06-01 01:43:10', 'Jeffry Pease'),
('6477ff11-fcd3-11ec-a04d-00505690aa8b', 'NV88973', 'Alonzo218', '1974-03-14', 0, '000052657', 'Lai Chau', '2006-08-16', 'jfhbwpxk.jxmonkyjvl@example.com', '(517) 598-5479', '6478051e-fcd3-11ec-a04d-00505690aa8b', '647521dc-fcd3-11ec-a04d-00505690aa8b', '002536497565', 10376842.3760, '2014-08-20', 1, '1991-12-14 09:12:08', 'Kathleen Burnside', '1990-02-26 04:29:30', 'Sanford Abbott'),
('64780a69-fcd3-11ec-a04d-00505690aa8b', 'NV30672', 'Gino2021', '1956-04-10', 1, '000035234', 'Bac Giang', '2011-01-14', 'ktercnnp_okcisx@example.com', '(236) 929-0143', '64784635-fcd3-11ec-a04d-00505690aa8b', '6476f4b1-fcd3-11ec-a04d-00505690aa8b', '009524835076', 91482937.0652, '2000-09-02', 2, '1983-03-21 11:31:37', 'Raul Palma', '1972-09-13 00:25:57', 'Tanner Butler'),
('64781645-fcd3-11ec-a04d-00505690aa8b', 'NV69628', 'Bourgeois2010', '1979-11-02', 0, '000056724', 'Ha Nam', '2014-09-11', 'Barron@nowhere.com', '(190) 513-7373', '6476f635-fcd3-11ec-a04d-00505690aa8b', '6479ea79-fcd3-11ec-a04d-00505690aa8b', '006842979828', 11672231.6633, '1970-01-04', 1, '1973-05-28 08:23:06', 'Carol Abrams', '1970-01-01 00:00:04', 'Kevin Kim'),
('64783d19-fcd3-11ec-a04d-00505690aa8b', 'NV94964', 'Dillon2027', '1981-08-21', 1, '000037315', 'Hai Duong', '2005-04-16', 'Abel313@example.com', '(583) 420-8609', '64784635-fcd3-11ec-a04d-00505690aa8b', '6479ddde-fcd3-11ec-a04d-00505690aa8b', NULL, 91850487.7162, NULL, NULL, '1983-12-19 05:06:10', 'Donovan Allison', NULL, NULL),
('647856c6-fcd3-11ec-a04d-00505690aa8b', 'NV46374', 'Simpson5', '1967-09-12', 2, '000083507', 'Hanoi', '2010-01-12', 'EdmundBenitez631@example.com', '(640) 849-9808', '64784635-fcd3-11ec-a04d-00505690aa8b', '647782b6-fcd3-11ec-a04d-00505690aa8b', '008039661821', 68692759.7031, '2014-10-21', 2, '1995-06-13 16:14:45', 'Rolland Watson', '1996-10-21 12:18:01', 'Alfonzo Bohn'),
('6478578e-fcd3-11ec-a04d-00505690aa8b', 'NV89278', 'Justin1958', '1958-01-06', 0, '000023960', 'Quang Ninh', '2013-08-15', 'Abel5@example.com', '(361) 203-3649', '6476f7c0-fcd3-11ec-a04d-00505690aa8b', '64790f56-fcd3-11ec-a04d-00505690aa8b', '003491535160', 37006472.4877, '1994-07-20', 1, '1980-02-02 00:03:54', 'Kecia Adcock', '1995-09-02 19:13:37', 'Nerissa Word'),
('647859dd-fcd3-11ec-a04d-00505690aa8b', 'NV92803', 'Ray2015', '2001-10-10', 1, '000067754', 'Quang Ninh', '2021-11-16', 'Perkins@example.com', '(164) 347-4821', '64755294-fcd3-11ec-a04d-00505690aa8b', '64790f56-fcd3-11ec-a04d-00505690aa8b', '006463144348', 39750816.1477, '2018-03-09', 3, '2013-07-08 11:40:28', 'Jamie Creech', '2003-12-30 07:09:43', 'Akiko Lester'),
('64785c21-fcd3-11ec-a04d-00505690aa8b', 'NV49596', 'Hunter2027', '1960-11-27', 1, '000010172', 'Ha Nam', '2003-03-25', 'Chasidy.Nye82@example.com', '(918) 918-5124', '6478051e-fcd3-11ec-a04d-00505690aa8b', '647521dc-fcd3-11ec-a04d-00505690aa8b', '004771306443', 11103316.2457, '1990-06-10', 2, '2014-03-06 23:33:50', 'Kasey Savoy', '1970-01-01 02:04:26', 'Everette Anders'),
('6478994c-fcd3-11ec-a04d-00505690aa8b', 'NV38205', 'Adah2028', '1979-10-30', 1, '000042309', 'Bac Giang', '2007-06-04', 'JerroldSAkins@example.com', '(494) 993-6629', '6476f635-fcd3-11ec-a04d-00505690aa8b', '64799242-fcd3-11ec-a04d-00505690aa8b', '005457773815', 85051413.5154, '1985-04-18', 3, '1982-04-09 21:25:50', 'Abdul Bergstrom', '2018-03-26 08:22:00', 'Adaline Ashley'),
('6478f069-fcd3-11ec-a04d-00505690aa8b', 'NV46577', 'Darius5', '1958-09-07', 2, '000093278', 'Lang Son', '2016-09-11', 'Salley69@nowhere.com', '(121) 928-0709', '6478051e-fcd3-11ec-a04d-00505690aa8b', '6477ff11-fcd3-11ec-a04d-00505690aa8b', NULL, 82591126.1216, NULL, NULL, '2010-04-21 11:08:28', 'Kayleen Hogg', NULL, NULL),
('6478fc77-fcd3-11ec-a04d-00505690aa8b', 'NV60461', 'Earl2024', '1970-10-03', 2, '000060463', 'Bac Giang', '2005-12-26', 'LambF@nowhere.com', '(723) 311-9006', '64755294-fcd3-11ec-a04d-00505690aa8b', '6474fcc2-fcd3-11ec-a04d-00505690aa8b', '005690571067', 31851141.0458, '1990-08-01', 3, '2020-09-25 05:10:31', 'Emmett Moulton', '1970-01-01 02:05:18', 'Glynis Battle'),
('6478ff8b-fcd3-11ec-a04d-00505690aa8b', 'NV09669', 'Arvilla9', '2001-05-18', 2, '000050971', 'Hai Duong', '2001-01-30', 'NorrisBolt@example.com', '(651) 163-8918', '6478051e-fcd3-11ec-a04d-00505690aa8b', '6479ddde-fcd3-11ec-a04d-00505690aa8b', '004461660255', 35233909.0026, '1989-08-28', 1, '1994-08-24 13:44:31', 'Luis Cruse', '1978-02-07 11:48:40', 'Cassi Atkinson'),
('6479004b-fcd3-11ec-a04d-00505690aa8b', 'NV66484', 'Bernita1999', '2001-09-19', 0, '000074616', 'Ninh Binh', '2010-09-04', 'Brinkman28@example.com', '(870) 923-0471', '6476f7c0-fcd3-11ec-a04d-00505690aa8b', '6477785e-fcd3-11ec-a04d-00505690aa8b', '008138567961', 18353746.4269, '2003-04-30', 2, '2016-06-06 06:30:28', 'Debby Concepcion', '1988-04-21 10:48:40', 'Tory Olson'),
('64790e96-fcd3-11ec-a04d-00505690aa8b', 'NV83395', 'Abby664', '1967-11-30', 2, '000047304', 'Lang Son', '2002-09-19', 'mnksgeiq8021@example.com', '(748) 666-0948', '6478861f-fcd3-11ec-a04d-00505690aa8b', '6474fcc2-fcd3-11ec-a04d-00505690aa8b', '008149797383', 95015495.2206, '1971-06-17', 1, '1975-07-20 23:16:28', 'Lorette Ortiz', '1970-01-01 00:08:53', 'Carline Mccall'),
('647910d7-fcd3-11ec-a04d-00505690aa8b', 'NV68196', 'Bonilla2029', '1999-06-15', 0, '000051261', 'Quang Ninh', '2003-03-17', 'aweyzjpd3111@example.com', '(982) 826-6553', '64784635-fcd3-11ec-a04d-00505690aa8b', '6477ff11-fcd3-11ec-a04d-00505690aa8b', '005806442926', 81480167.2469, '1986-01-10', 2, '1992-10-05 04:47:33', 'Robbie Canty', '1970-01-01 01:37:34', 'Dia Casteel'),
('64791c65-fcd3-11ec-a04d-00505690aa8b', 'NV46584', 'Constance1951', '1991-10-04', 0, '000012744', 'Ha Nam', '2010-09-19', 'ShandraCarranza@nowhere.com', '(241) 260-0002', '6478051e-fcd3-11ec-a04d-00505690aa8b', '6479ddde-fcd3-11ec-a04d-00505690aa8b', '002327756120', 11339399.9058, '1993-11-01', 1, '1984-12-18 05:39:19', 'Clarinda Acker', '2002-10-23 11:33:36', 'Joeann Garcia'),
('64793601-fcd3-11ec-a04d-00505690aa8b', 'NV12101', 'Ada2007', '1952-01-12', 2, '000005672', 'Hai Duong', '2000-01-12', 'Zenobia.Brunson@example.com', '(833) 067-7569', '6476f635-fcd3-11ec-a04d-00505690aa8b', '6479ea79-fcd3-11ec-a04d-00505690aa8b', '002639113798', 59455218.3535, '1999-04-04', 3, '1970-01-01 00:00:12', 'Henry Crump', '2007-11-05 05:15:28', 'Tess Townsend'),
('64794216-fcd3-11ec-a04d-00505690aa8b', 'NV98287', 'Clelia1967', '1975-07-10', 0, '000045669', 'Lang Son', '2011-09-11', 'Adela_Alley61@example.com', '(576) 204-9105', '64755294-fcd3-11ec-a04d-00505690aa8b', '6476f4b1-fcd3-11ec-a04d-00505690aa8b', '009651108022', 8882517.2874, '1980-09-04', 2, '2001-03-29 11:48:52', 'Magdalena Ogle', '1979-02-03 19:06:31', 'Carl Switzer'),
('64794a3a-fcd3-11ec-a04d-00505690aa8b', 'NV26313', 'Cathy1961', '1954-05-17', 1, '000015316', 'Lang Son', '2002-05-17', 'FriedaAbreu99@example.com', '(244) 448-4768', '6478051e-fcd3-11ec-a04d-00505690aa8b', '6477785e-fcd3-11ec-a04d-00505690aa8b', '000454612260', 65797245.4938, '1986-06-29', 3, '1970-01-01 00:14:28', 'Ruben Simpson', '1990-10-05 20:23:51', 'Stevie Durham'),
('64796333-fcd3-11ec-a04d-00505690aa8b', 'NV20373', 'Jolene437', '1972-09-28', 2, '000031936', 'Ninh Binh', '2003-07-21', 'Atwood@nowhere.com', '(173) 265-2255', '6478861f-fcd3-11ec-a04d-00505690aa8b', '647782b6-fcd3-11ec-a04d-00505690aa8b', '002837180179', 24212469.7442, '1970-10-21', 0, '2013-06-12 21:25:56', 'Jewel Plummer', '1970-01-01 00:04:54', 'Cora Pacheco'),
('647967ae-fcd3-11ec-a04d-00505690aa8b', 'NV60811', 'Charla71', '2000-10-14', 1, '000022157', 'Ho Chi Minh', '2006-12-13', 'Ruffin@nowhere.com', '(568) 730-2747', '6477e143-fcd3-11ec-a04d-00505690aa8b', '647521dc-fcd3-11ec-a04d-00505690aa8b', '001236023511', 16807843.2240, '2015-05-19', 0, '1979-06-25 12:31:00', 'Johnnie Allard', '1994-09-07 19:39:24', 'Bridgette Conley'),
('6479a674-fcd3-11ec-a04d-00505690aa8b', 'NV82080', 'Winkler2019', '1998-02-27', 1, '000021935', 'Ho Chi Minh', '2011-01-15', 'Almanza@example.com', '(812) 301-5300', '6476f635-fcd3-11ec-a04d-00505690aa8b', '6479ea79-fcd3-11ec-a04d-00505690aa8b', '005930433253', 54046928.5270, '2019-05-14', 2, '2005-08-23 02:35:37', 'Kendrick Naranjo', '2002-12-23 13:17:45', 'Rodrick Paulsen'),
('6479e52a-fcd3-11ec-a04d-00505690aa8b', 'NV89103', 'Boling2025', '1967-11-16', 2, '000073830', 'Ninh Binh', '2019-10-26', 'Kiefer@nowhere.com', '(838) 048-5399', '6478e422-fcd3-11ec-a04d-00505690aa8b', '64790f56-fcd3-11ec-a04d-00505690aa8b', '009869134733', 84707024.7978, '1970-01-06', 0, '2015-06-12 09:04:33', 'Loise Mayers', '1970-01-01 00:00:06', 'Addie Tyner'),
('6479eb3a-fcd3-11ec-a04d-00505690aa8b', 'NV22754', 'Conrad1997', '1980-01-16', 1, '000057838', 'Lang Son', '2013-12-04', 'Conrad_Frizzell61@example.com', '(951) 501-9191', '6476f7c0-fcd3-11ec-a04d-00505690aa8b', '647521dc-fcd3-11ec-a04d-00505690aa8b', '008169527271', 95124900.9626, '2010-11-22', 3, '2022-06-14 17:01:45', 'Stevie Frizzell', '2015-12-28 20:28:17', 'Vanita Edmonds'),
('647a0e63-fcd3-11ec-a04d-00505690aa8b', 'NV38549', 'Brendan547', '1962-03-06', 0, '000083367', 'Hung Yen', '2014-12-30', 'Ron.Irish@example.com', '(537) 222-1190', '64755294-fcd3-11ec-a04d-00505690aa8b', '64790f56-fcd3-11ec-a04d-00505690aa8b', '004756200678', 42734126.2531, '2017-05-02', 0, '1996-03-02 22:41:11', 'Kim Desantis', '2020-09-05 10:01:46', 'Marco Horn'),
('647a403c-fcd3-11ec-a04d-00505690aa8b', 'NV38697', 'Latonya2022', '1992-04-27', 0, '000022408', 'Hoa Binh', '2007-01-16', 'Sanford549@nowhere.com', '(826) 193-9372', '6476f7c0-fcd3-11ec-a04d-00505690aa8b', '6477785e-fcd3-11ec-a04d-00505690aa8b', '005051343912', 63463959.0444, '1991-03-17', 1, '1977-08-22 10:09:51', 'Reina Adkins', '1986-04-01 15:49:51', 'Kathyrn Beatty'),
('647a544e-fcd3-11ec-a04d-00505690aa8b', 'NV30027', 'Ordonez879', '1967-11-20', 2, '000093581', 'Hai Duong', '2018-05-29', 'Joseph.Trapp@example.com', '(205) 787-0309', '6476f635-fcd3-11ec-a04d-00505690aa8b', '64799242-fcd3-11ec-a04d-00505690aa8b', '006634667656', 53930313.4423, '1970-07-23', 3, '2021-01-20 09:49:30', 'Merissa Minter', '1985-04-11 00:33:27', 'Tim Howe'),
('fe7093fe-d6e4-475c-a305-538804b244ec', 'NV00001', 'Trần Minh Sáng', '1996-08-21', 1, '017457726', 'Hà Nội', '2013-04-05', 'sangtran.d14ptit@gmail.com', '0355557796', '64755294-fcd3-11ec-a04d-00505690aa8b', '6477785e-fcd3-11ec-a04d-00505690aa8b', '021412412421', 25000000.0000, '2019-06-01', 1, '2022-07-09 10:22:27', 'admin', '2022-07-09 10:22:27', 'admin');

-- 
-- Dumping data for table department
--
INSERT INTO department VALUES
('6474fcc2-fcd3-11ec-a04d-00505690aa8b', 'DE14587', 'Phòng nhân sự', '1970-01-01 00:01:04', 'Denisha Mcginnis', '1974-08-01 05:57:29', 'Peggy Charlton'),
('647521dc-fcd3-11ec-a04d-00505690aa8b', 'DE21998', 'Ban dự án', '2016-07-24 13:44:26', 'Marcos Abraham', '1970-01-01 00:00:08', 'Treena Lind'),
('6476f4b1-fcd3-11ec-a04d-00505690aa8b', 'DE64347', 'Phòng hành chính', '2015-03-20 01:46:09', 'Eusebia Noland', '2020-05-25 21:19:53', 'Maynard Brockman'),
('6477785e-fcd3-11ec-a04d-00505690aa8b', 'DE24299', 'Khối sản xuất', '2003-05-20 10:30:36', 'Vanita Kelleher', '1982-06-11 08:54:10', 'Retta Lord'),
('647782b6-fcd3-11ec-a04d-00505690aa8b', 'DE05375', 'Phòng kế hoạch', '1971-08-09 18:51:33', 'Felix Alba', '2018-11-04 14:01:31', 'Carroll Binder'),
('6477ff11-fcd3-11ec-a04d-00505690aa8b', 'DE99560', 'Tổng công ty', '1970-01-01 00:07:13', 'Letha Bolt', '1970-01-01 00:00:04', 'Abraham Acevedo'),
('64790f56-fcd3-11ec-a04d-00505690aa8b', 'DE96084', 'Phòng liên kết nước ngoài', '2014-05-16 11:51:26', 'Stanford Sullivan', '1984-08-24 22:16:37', 'Selene Cartwright'),
('64799242-fcd3-11ec-a04d-00505690aa8b', 'DE36876', 'Phòng kế toán', '1984-10-04 09:42:37', 'Adolph Francisco', '1974-06-01 09:43:53', 'Jason Blackmon'),
('6479ddde-fcd3-11ec-a04d-00505690aa8b', 'DE34076', 'Phòng hỗ trợ khách hàng', '2008-06-27 20:57:15', 'Miyoko Mckinney', '1988-06-10 01:18:58', 'Hong Beaudoin'),
('6479ea79-fcd3-11ec-a04d-00505690aa8b', 'DE30803', 'Phòng bảo vệ', '1996-02-07 01:56:25', 'Oma Lawler', '1979-05-23 21:36:54', 'Tiny Card');

-- 
-- Restore previous SQL mode
-- 
/*!40101 SET SQL_MODE=@OLD_SQL_MODE */;

-- 
-- Enable foreign keys
-- 
/*!40014 SET FOREIGN_KEY_CHECKS = @OLD_FOREIGN_KEY_CHECKS */;